month,region,product,product_name,revenue,units,orders
2009-12,Ireland (EIRE),20725,LUNCH BAG RED RETROSPOT,145.0,100,1
2009-12,Ireland (EIRE),22086,PAPER CHAIN KIT 50'S CHRISTMAS,17.700000000000003,6,1
2009-12,Ireland (EIRE),22197,SMALL POPCORN HOLDER,51.0,60,2
2009-12,Ireland (EIRE),79321,CHILLI LIGHTS,19.8,4,1
2009-12,Ireland (EIRE),84879,ASSORTED COLOUR BIRD ORNAMENT,13.52,8,1
2009-12,Ireland (EIRE),85099B,JUMBO BAG RED RETROSPOT,19.5,10,1
2009-12,Ireland (EIRE),85123A,WHITE HANGING HEART T-LIGHT HOLDER,333.3,126,4
2009-12,Ireland (EIRE),ALL OTHER PRODUCTS,All other products,18346.670000000002,9092,18
2009-12,Rest of Europe,20725,LUNCH BAG RED RETROSPOT,161.5,110,2
2009-12,Rest of Europe,22197,SMALL POPCORN HOLDER,20.4,24,2
2009-12,Rest of Europe,47566,PARTY BUNTING,23.25,5,1
2009-12,Rest of Europe,84347,ROTATING SILVER ANGELS T-LIGHT HLDR,1008.0,480,1
2009-12,Rest of Europe,84879,ASSORTED COLOUR BIRD ORNAMENT,216.32,128,7
2009-12,Rest of Europe,85099B,JUMBO BAG RED RETROSPOT,214.5,110,6
2009-12,Rest of Europe,85123A,WHITE HANGING HEART T-LIGHT HOLDER,1383.3,534,6
2009-12,Rest of Europe,ALL OTHER PRODUCTS,All other products,48276.85,27503,60
2009-12,Rest of World,ALL OTHER PRODUCTS,All other products,788.8000000000001,680,3
2009-12,United Kingdom,20725,LUNCH BAG RED RETROSPOT,1317.1,767,85
2009-12,United Kingdom,22086,PAPER CHAIN KIT 50'S CHRISTMAS,10151.66,3356,183
2009-12,United Kingdom,22197,SMALL POPCORN HOLDER,1123.3,1392,46
2009-12,United Kingdom,47566,PARTY BUNTING,569.45,113,28
2009-12,United Kingdom,79321,CHILLI LIGHTS,2259.49,483,51
2009-12,United Kingdom,84347,ROTATING SILVER ANGELS T-LIGHT HLDR,3346.73,1427,43
2009-12,United Kingdom,84879,ASSORTED COLOUR BIRD ORNAMENT,7394.09,4506,99
2009-12,United Kingdom,85099B,JUMBO BAG RED RETROSPOT,6467.5,3651,128
2009-12,United Kingdom,85123A,WHITE HANGING HEART T-LIGHT HOLDER,15538.75,5746,294
2009-12,United Kingdom,ALL OTHER PRODUCTS,All other products,678693.68,364797,1564
2010-01,Ireland (EIRE),20725,LUNCH BAG RED RETROSPOT,89.0,60,2
2010-01,Ireland (EIRE),85099B,JUMBO BAG RED RETROSPOT,495.0,300,1
2010-01,Ireland (EIRE),85123A,WHITE HANGING HEART T-LIGHT HOLDER,496.5,190,3
2010-01,Ireland (EIRE),ALL OTHER PRODUCTS,All other products,57588.98,30237,13
2010-01,Rest of Europe,20725,LUNCH BAG RED RETROSPOT,422.0,280,7
2010-01,Rest of Europe,22197,SMALL POPCORN HOLDER,26.349999999999998,31,2
2010-01,Rest of Europe,47566,PARTY BUNTING,271.5,70,2
2010-01,Rest of Europe,84879,ASSORTED COLOUR BIRD ORNAMENT,299.59999999999997,200,5
2010-01,Rest of Europe,85099B,JUMBO BAG RED RETROSPOT,1296.0,760,11
2010-01,Rest of Europe,85123A,WHITE HANGING HEART T-LIGHT HOLDER,1511.1,586,6
2010-01,Rest of Europe,ALL OTHER PRODUCTS,All other products,63382.96,99356,48
2010-01,Rest of World,20725,LUNCH BAG RED RETROSPOT,6.6,4,1
2010-01,Rest of World,22086,PAPER CHAIN KIT 50'S CHRISTMAS,17.700000000000003,6,1
2010-01,Rest of World,85123A,WHITE HANGING HEART T-LIGHT HOLDER,20.650000000000002,7,1
2010-01,Rest of World,ALL OTHER PRODUCTS,All other products,3277.69,1709,7
2010-01,United Kingdom,20725,LUNCH BAG RED RETROSPOT,1813.52,1145,73
2010-01,United Kingdom,22086,PAPER CHAIN KIT 50'S CHRISTMAS,95.72,17,10
2010-01,United Kingdom,22197,SMALL POPCORN HOLDER,563.89,706,30
2010-01,United Kingdom,22386,JUMBO BAG PINK POLKADOT,192.3,114,3
2010-01,United Kingdom,47566,PARTY BUNTING,1313.8,276,41
2010-01,United Kingdom,79321,CHILLI LIGHTS,224.10000000000002,40,10
2010-01,United Kingdom,84347,ROTATING SILVER ANGELS T-LIGHT HLDR,50.599999999999994,10,3
2010-01,United Kingdom,84879,ASSORTED COLOUR BIRD ORNAMENT,2335.0099999999998,1309,53
2010-01,United Kingdom,85099B,JUMBO BAG RED RETROSPOT,4497.81,2512,96
2010-01,United Kingdom,85123A,WHITE HANGING HEART T-LIGHT HOLDER,12672.539999999999,4701,253
2010-01,United Kingdom,ALL OTHER PRODUCTS,All other products,459336.5,245786,977
2010-02,Ireland (EIRE),20725,LUNCH BAG RED RETROSPOT,145.0,100,1
2010-02,Ireland (EIRE),22197,SMALL POPCORN HOLDER,72.0,100,1
2010-02,Ireland (EIRE),22386,JUMBO BAG PINK POLKADOT,19.5,10,1
2010-02,Ireland (EIRE),84879,ASSORTED COLOUR BIRD ORNAMENT,13.52,8,1
2010-02,Ireland (EIRE),85123A,WHITE HANGING HEART T-LIGHT HOLDER,152.4,56,3
2010-02,Ireland (EIRE),ALL OTHER PRODUCTS,All other products,20012.78,11352,16
2010-02,Rest of Europe,20725,LUNCH BAG RED RETROSPOT,422.0,280,8
2010-02,Rest of Europe,22386,JUMBO BAG PINK POLKADOT,526.95,301,9
2010-02,Rest of Europe,47566,PARTY BUNTING,46.5,10,2
2010-02,Rest of Europe,84879,ASSORTED COLOUR BIRD ORNAMENT,81.12,48,2
2010-02,Rest of Europe,85099B,JUMBO BAG RED RETROSPOT,97.5,50,3
2010-02,Rest of Europe,85123A,WHITE HANGING HEART T-LIGHT HOLDER,525.0,204,2
2010-02,Rest of Europe,ALL OTHER PRODUCTS,All other products,64875.65,123278,73
2010-02,Rest of World,20725,LUNCH BAG RED RETROSPOT,18.15,11,2
2010-02,Rest of World,85123A,WHITE HANGING HEART T-LIGHT HOLDER,35.400000000000006,12,2
2010-02,Rest of World,ALL OTHER PRODUCTS,All other products,4859.21,3190,10
2010-02,United Kingdom,20725,LUNCH BAG RED RETROSPOT,1574.93,961,77
2010-02,United Kingdom,22197,SMALL POPCORN HOLDER,1101.81,1475,30
2010-02,United Kingdom,22386,JUMBO BAG PINK POLKADOT,2881.89,1607,92
2010-02,United Kingdom,47566,PARTY BUNTING,1638.47,331,64
2010-02,United Kingdom,79321,CHILLI LIGHTS,113.25,25,5
2010-02,United Kingdom,84347,ROTATING SILVER ANGELS T-LIGHT HLDR,15.18,3,1
2010-02,United Kingdom,84879,ASSORTED COLOUR BIRD ORNAMENT,2591.39,1603,62
2010-02,United Kingdom,85099B,JUMBO BAG RED RETROSPOT,4618.8,2602,113
2010-02,United Kingdom,85123A,WHITE HANGING HEART T-LIGHT HOLDER,7317.77,2639,198
2010-02,United Kingdom,ALL OTHER PRODUCTS,All other products,424153.5,231364,1089
2010-03,Ireland (EIRE),20725,LUNCH BAG RED RETROSPOT,161.5,110,2
2010-03,Ireland (EIRE),22197,SMALL POPCORN HOLDER,20.4,24,2
2010-03,Ireland (EIRE),22386,JUMBO BAG PINK POLKADOT,19.5,10,1
2010-03,Ireland (EIRE),22423,REGENCY CAKESTAND 3 TIER,200.7,18,2
2010-03,Ireland (EIRE),47566,PARTY BUNTING,23.25,5,1
2010-03,Ireland (EIRE),84879,ASSORTED COLOUR BIRD ORNAMENT,27.04,16,2
2010-03,Ireland (EIRE),85099B,JUMBO BAG RED RETROSPOT,58.5,30,3
2010-03,Ireland (EIRE),85123A,WHITE HANGING HEART T-LIGHT HOLDER,251.7,94,4
2010-03,Ireland (EIRE),ALL OTHER PRODUCTS,All other products,21015.71,14481,24
2010-03,Rest of Europe,20725,LUNCH BAG RED RETROSPOT,49.5,30,3
2010-03,Rest of Europe,22197,SMALL POPCORN HOLDER,51.0,60,2
2010-03,Rest of Europe,22386,JUMBO BAG PINK POLKADOT,583.5,330,10
2010-03,Rest of Europe,22423,REGENCY CAKESTAND 3 TIER,1191.4499999999998,107,5
2010-03,Rest of Europe,47566,PARTY BUNTING,69.75,15,2
2010-03,Rest of Europe,84347,ROTATING SILVER ANGELS T-LIGHT HLDR,10.2,4,1
2010-03,Rest of Europe,84879,ASSORTED COLOUR BIRD ORNAMENT,1209.76,784,11
2010-03,Rest of Europe,85099B,JUMBO BAG RED RETROSPOT,661.5,370,9
2010-03,Rest of Europe,85123A,WHITE HANGING HEART T-LIGHT HOLDER,1014.6,396,3
2010-03,Rest of Europe,ALL OTHER PRODUCTS,All other products,63142.88,99562,91
2010-03,Rest of World,20725,LUNCH BAG RED RETROSPOT,52.8,32,3
2010-03,Rest of World,22386,JUMBO BAG PINK POLKADOT,19.5,10,1
2010-03,Rest of World,ALL OTHER PRODUCTS,All other products,3470.95,4452,7
2010-03,United Kingdom,20725,LUNCH BAG RED RETROSPOT,2440.9,1430,107
2010-03,United Kingdom,22086,PAPER CHAIN KIT 50'S CHRISTMAS,59.03000000000001,17,5
2010-03,United Kingdom,22197,SMALL POPCORN HOLDER,1563.15,1426,53
2010-03,United Kingdom,22386,JUMBO BAG PINK POLKADOT,2527.95,1217,92
2010-03,United Kingdom,22423,REGENCY CAKESTAND 3 TIER,8472.96,624,118
2010-03,United Kingdom,47566,PARTY BUNTING,4693.68,900,119
2010-03,United Kingdom,79321,CHILLI LIGHTS,1587.4499999999998,407,10
2010-03,United Kingdom,84879,ASSORTED COLOUR BIRD ORNAMENT,3992.77,2533,113
2010-03,United Kingdom,85099B,JUMBO BAG RED RETROSPOT,5170.14,2858,144
2010-03,United Kingdom,85123A,WHITE HANGING HEART T-LIGHT HOLDER,12956.6,4576,262
2010-03,United Kingdom,ALL OTHER PRODUCTS,All other products,624935.66,388114,1515
2010-04,Ireland (EIRE),20725,LUNCH BAG RED RETROSPOT,161.5,110,2
2010-04,Ireland (EIRE),22197,SMALL POPCORN HOLDER,174.6,236,3
2010-04,Ireland (EIRE),22423,REGENCY CAKESTAND 3 TIER,713.55,65,5
2010-04,Ireland (EIRE),47566,PARTY BUNTING,429.75,111,3
2010-04,Ireland (EIRE),79321,CHILLI LIGHTS,19.8,4,1
2010-04,Ireland (EIRE),84879,ASSORTED COLOUR BIRD ORNAMENT,40.56,24,1
2010-04,Ireland (EIRE),85123A,WHITE HANGING HEART T-LIGHT HOLDER,99.3,38,2
2010-04,Ireland (EIRE),ALL OTHER PRODUCTS,All other products,21693.670000000002,13146,18
2010-04,Rest of Europe,20725,LUNCH BAG RED RETROSPOT,194.5,130,4
2010-04,Rest of Europe,22197,SMALL POPCORN HOLDER,10.2,12,1
2010-04,Rest of Europe,22386,JUMBO BAG PINK POLKADOT,234.0,120,8
2010-04,Rest of Europe,22423,REGENCY CAKESTAND 3 TIER,591.0,52,9
2010-04,Rest of Europe,47566,PARTY BUNTING,297.6,64,6
2010-04,Rest of Europe,84879,ASSORTED COLOUR BIRD ORNAMENT,299.6,200,4
2010-04,Rest of Europe,85099B,JUMBO BAG RED RETROSPOT,564.0,320,8
2010-04,Rest of Europe,ALL OTHER PRODUCTS,All other products,60958.17,46251,84
2010-04,Rest of World,20725,LUNCH BAG RED RETROSPOT,33.0,20,2
2010-04,Rest of World,22086,PAPER CHAIN KIT 50'S CHRISTMAS,53.1,18,1
2010-04,Rest of World,22386,JUMBO BAG PINK POLKADOT,58.5,30,2
2010-04,Rest of World,22423,REGENCY CAKESTAND 3 TIER,63.75,5,2
2010-04,Rest of World,85099B,JUMBO BAG RED RETROSPOT,58.5,30,2
2010-04,Rest of World,85123A,WHITE HANGING HEART T-LIGHT HOLDER,81.6,32,1
2010-04,Rest of World,ALL OTHER PRODUCTS,All other products,4024.58,2454,5
2010-04,United Kingdom,20725,LUNCH BAG RED RETROSPOT,1922.45,1185,107
2010-04,United Kingdom,22086,PAPER CHAIN KIT 50'S CHRISTMAS,2.95,1,1
2010-04,United Kingdom,22197,SMALL POPCORN HOLDER,1252.08,1585,57
2010-04,United Kingdom,22386,JUMBO BAG PINK POLKADOT,1739.8899999999999,969,67
2010-04,United Kingdom,22423,REGENCY CAKESTAND 3 TIER,13014.789999999999,1045,214
2010-04,United Kingdom,47566,PARTY BUNTING,6291.5,1314,137
2010-04,United Kingdom,79321,CHILLI LIGHTS,2380.9700000000003,519,55
2010-04,United Kingdom,84347,ROTATING SILVER ANGELS T-LIGHT HLDR,15.299999999999999,6,1
2010-04,United Kingdom,84879,ASSORTED COLOUR BIRD ORNAMENT,4394.25,2569,95
2010-04,United Kingdom,85099B,JUMBO BAG RED RETROSPOT,6392.26,3596,135
2010-04,United Kingdom,85123A,WHITE HANGING HEART T-LIGHT HOLDER,9867.61,3627,224
2010-04,United Kingdom,ALL OTHER PRODUCTS,All other products,508212.05,286177,1310
2010-05,Ireland (EIRE),20725,LUNCH BAG RED RETROSPOT,16.5,10,1
2010-05,Ireland (EIRE),22423,REGENCY CAKESTAND 3 TIER,579.9,50,8
2010-05,Ireland (EIRE),47566,PARTY BUNTING,74.4,16,3
2010-05,Ireland (EIRE),79321,CHILLI LIGHTS,79.2,16,2
2010-05,Ireland (EIRE),84879,ASSORTED COLOUR BIRD ORNAMENT,13.52,8,1
2010-05,Ireland (EIRE),85099B,JUMBO BAG RED RETROSPOT,29.25,15,2
2010-05,Ireland (EIRE),85123A,WHITE HANGING HEART T-LIGHT HOLDER,70.80000000000001,24,2
2010-05,Ireland (EIRE),ALL OTHER PRODUCTS,All other products,17772.02,9608,18
2010-05,Rest of Europe,20725,LUNCH BAG RED RETROSPOT,488.0,320,9
2010-05,Rest of Europe,22197,SMALL POPCORN HOLDER,24.65,29,2
2010-05,Rest of Europe,22386,JUMBO BAG PINK POLKADOT,466.5,270,6
2010-05,Rest of Europe,22423,REGENCY CAKESTAND 3 TIER,1143.75,101,10
2010-05,Rest of Europe,47566,PARTY BUNTING,350.25,85,5
2010-05,Rest of Europe,79321,CHILLI LIGHTS,39.6,8,2
2010-05,Rest of Europe,84879,ASSORTED COLOUR BIRD ORNAMENT,340.15999999999997,224,5
2010-05,Rest of Europe,85099B,JUMBO BAG RED RETROSPOT,733.5,430,8
2010-05,Rest of Europe,85123A,WHITE HANGING HEART T-LIGHT HOLDER,1200.4499999999998,459,12
2010-05,Rest of Europe,ALL OTHER PRODUCTS,All other products,66744.38,45121,77
2010-05,Rest of World,22086,PAPER CHAIN KIT 50'S CHRISTMAS,17.700000000000003,6,1
2010-05,Rest of World,ALL OTHER PRODUCTS,All other products,2297.27,1424,8
2010-05,United Kingdom,20725,LUNCH BAG RED RETROSPOT,2983.22,1890,120
2010-05,United Kingdom,22086,PAPER CHAIN KIT 50'S CHRISTMAS,137.4,52,4
2010-05,United Kingdom,22197,SMALL POPCORN HOLDER,645.63,767,54
2010-05,United Kingdom,22386,JUMBO BAG PINK POLKADOT,2757.54,1588,86
2010-05,United Kingdom,22423,REGENCY CAKESTAND 3 TIER,5048.23,389,109
2010-05,United Kingdom,47566,PARTY BUNTING,9256.86,2050,171
2010-05,United Kingdom,79321,CHILLI LIGHTS,979.5600000000001,210,29
2010-05,United Kingdom,84879,ASSORTED COLOUR BIRD ORNAMENT,3204.0,1920,96
2010-05,United Kingdom,85099B,JUMBO BAG RED RETROSPOT,5611.7,3168,134
2010-05,United Kingdom,85123A,WHITE HANGING HEART T-LIGHT HOLDER,10681.49,3947,232
2010-05,United Kingdom,ALL OTHER PRODUCTS,All other products,509704.6,321233,1369
2010-06,Ireland (EIRE),20725,LUNCH BAG RED RETROSPOT,161.5,110,2
2010-06,Ireland (EIRE),22197,SMALL POPCORN HOLDER,339.0,460,4
2010-06,Ireland (EIRE),22386,JUMBO BAG PINK POLKADOT,19.5,10,1
2010-06,Ireland (EIRE),22423,REGENCY CAKESTAND 3 TIER,368.1,30,5
2010-06,Ireland (EIRE),47566,PARTY BUNTING,46.5,10,1
2010-06,Ireland (EIRE),85099B,JUMBO BAG RED RETROSPOT,19.5,10,1
2010-06,Ireland (EIRE),85123A,WHITE HANGING HEART T-LIGHT HOLDER,106.20000000000002,36,3
2010-06,Ireland (EIRE),ALL OTHER PRODUCTS,All other products,21388.91,11631,23
2010-06,Rest of Europe,20725,LUNCH BAG RED RETROSPOT,653.0,420,15
2010-06,Rest of Europe,22086,PAPER CHAIN KIT 50'S CHRISTMAS,23.6,8,2
2010-06,Rest of Europe,22197,SMALL POPCORN HOLDER,40.8,48,3
2010-06,Rest of Europe,22386,JUMBO BAG PINK POLKADOT,757.5,450,7
2010-06,Rest of Europe,22423,REGENCY CAKESTAND 3 TIER,1220.25,107,9
2010-06,Rest of Europe,84879,ASSORTED COLOUR BIRD ORNAMENT,529.44,336,5
2010-06,Rest of Europe,85099B,JUMBO BAG RED RETROSPOT,1243.5,730,13
2010-06,Rest of Europe,85123A,WHITE HANGING HEART T-LIGHT HOLDER,1002.8,392,4
2010-06,Rest of Europe,ALL OTHER PRODUCTS,All other products,59473.72,38134,82
2010-06,Rest of World,20725,LUNCH BAG RED RETROSPOT,33.0,20,1
2010-06,Rest of World,22086,PAPER CHAIN KIT 50'S CHRISTMAS,106.2,36,1
2010-06,Rest of World,22386,JUMBO BAG PINK POLKADOT,39.0,20,1
2010-06,Rest of World,22423,REGENCY CAKESTAND 3 TIER,51.0,4,1
2010-06,Rest of World,85099B,JUMBO BAG RED RETROSPOT,39.0,20,1
2010-06,Rest of World,ALL OTHER PRODUCTS,All other products,8243.1,6348,10
2010-06,United Kingdom,20725,LUNCH BAG RED RETROSPOT,2505.7599999999998,1484,149
2010-06,United Kingdom,22086,PAPER CHAIN KIT 50'S CHRISTMAS,871.2199999999999,334,9
2010-06,United Kingdom,22197,SMALL POPCORN HOLDER,1029.98,1257,86
2010-06,United Kingdom,22386,JUMBO BAG PINK POLKADOT,2827.08,1510,104
2010-06,United Kingdom,22423,REGENCY CAKESTAND 3 TIER,14938.179999999998,1214,217
2010-06,United Kingdom,47566,PARTY BUNTING,6134.84,1250,113
2010-06,United Kingdom,79321,CHILLI LIGHTS,1442.39,317,32
2010-06,United Kingdom,84347,ROTATING SILVER ANGELS T-LIGHT HLDR,15.18,3,1
2010-06,United Kingdom,84879,ASSORTED COLOUR BIRD ORNAMENT,2522.7,1518,81
2010-06,United Kingdom,85099B,JUMBO BAG RED RETROSPOT,6448.4,3552,179
2010-06,United Kingdom,85123A,WHITE HANGING HEART T-LIGHT HOLDER,10636.92,3915,245
2010-06,United Kingdom,ALL OTHER PRODUCTS,All other products,551305.42,330514,1484
2010-07,Ireland (EIRE),20725,LUNCH BAG RED RETROSPOT,33.0,20,2
2010-07,Ireland (EIRE),22197,SMALL POPCORN HOLDER,51.0,60,2
2010-07,Ireland (EIRE),22423,REGENCY CAKESTAND 3 TIER,978.0,88,7
2010-07,Ireland (EIRE),79321,CHILLI LIGHTS,19.8,4,1
2010-07,Ireland (EIRE),84879,ASSORTED COLOUR BIRD ORNAMENT,27.04,16,1
2010-07,Ireland (EIRE),85099B,JUMBO BAG RED RETROSPOT,19.5,10,1
2010-07,Ireland (EIRE),85123A,WHITE HANGING HEART T-LIGHT HOLDER,53.10000000000001,18,2
2010-07,Ireland (EIRE),ALL OTHER PRODUCTS,All other products,33414.53,15188,27
2010-07,Rest of Europe,20725,LUNCH BAG RED RETROSPOT,169.95,103,10
2010-07,Rest of Europe,22086,PAPER CHAIN KIT 50'S CHRISTMAS,119.7,46,2
2010-07,Rest of Europe,22197,SMALL POPCORN HOLDER,23.799999999999997,28,3
2010-07,Rest of Europe,22386,JUMBO BAG PINK POLKADOT,19.5,10,1
2010-07,Rest of Europe,22423,REGENCY CAKESTAND 3 TIER,114.75,9,4
2010-07,Rest of Europe,84347,ROTATING SILVER ANGELS T-LIGHT HLDR,61.199999999999996,24,2
2010-07,Rest of Europe,84879,ASSORTED COLOUR BIRD ORNAMENT,232.0,160,1
2010-07,Rest of Europe,85099B,JUMBO BAG RED RETROSPOT,214.5,110,9
2010-07,Rest of Europe,85123A,WHITE HANGING HEART T-LIGHT HOLDER,53.10000000000001,18,3
2010-07,Rest of Europe,ALL OTHER PRODUCTS,All other products,39250.33,26913,68
2010-07,Rest of World,22423,REGENCY CAKESTAND 3 TIER,251.7,22,3
2010-07,Rest of World,ALL OTHER PRODUCTS,All other products,7584.53,3622,10
2010-07,United Kingdom,20725,LUNCH BAG RED RETROSPOT,2768.89,1725,126
2010-07,United Kingdom,22086,PAPER CHAIN KIT 50'S CHRISTMAS,416.43,149,11
2010-07,United Kingdom,22197,SMALL POPCORN HOLDER,1598.01,2052,55
2010-07,United Kingdom,22386,JUMBO BAG PINK POLKADOT,2785.2,1534,92
2010-07,United Kingdom,22423,REGENCY CAKESTAND 3 TIER,17521.43,1425,215
2010-07,United Kingdom,47566,PARTY BUNTING,1187.1100000000001,183,28
2010-07,United Kingdom,79321,CHILLI LIGHTS,560.07,117,20
2010-07,United Kingdom,84347,ROTATING SILVER ANGELS T-LIGHT HLDR,193.0,56,12
2010-07,United Kingdom,84879,ASSORTED COLOUR BIRD ORNAMENT,4773.01,2941,104
2010-07,United Kingdom,85099B,JUMBO BAG RED RETROSPOT,6291.41,3471,141
2010-07,United Kingdom,85123A,WHITE HANGING HEART T-LIGHT HOLDER,10587.64,3988,225
2010-07,United Kingdom,ALL OTHER PRODUCTS,All other products,501621.09,273446,1388
2010-08,Ireland (EIRE),20725,LUNCH BAG RED RETROSPOT,234.0,160,2
2010-08,Ireland (EIRE),22086,PAPER CHAIN KIT 50'S CHRISTMAS,17.700000000000003,6,1
2010-08,Ireland (EIRE),22197,SMALL POPCORN HOLDER,442.2,612,2
2010-08,Ireland (EIRE),22423,REGENCY CAKESTAND 3 TIER,328.2,28,5
2010-08,Ireland (EIRE),85123A,WHITE HANGING HEART T-LIGHT HOLDER,70.80000000000001,24,2
2010-08,Ireland (EIRE),ALL OTHER PRODUCTS,All other products,24312.81,14966,27
2010-08,Rest of Europe,20725,LUNCH BAG RED RETROSPOT,330.0,200,9
2010-08,Rest of Europe,22197,SMALL POPCORN HOLDER,30.599999999999998,36,3
2010-08,Rest of Europe,22386,JUMBO BAG PINK POLKADOT,514.5,310,3
2010-08,Rest of Europe,22423,REGENCY CAKESTAND 3 TIER,1280.7,114,9
2010-08,Rest of Europe,84879,ASSORTED COLOUR BIRD ORNAMENT,135.2,80,4
2010-08,Rest of Europe,85099B,JUMBO BAG RED RETROSPOT,117.0,60,4
2010-08,Rest of Europe,85123A,WHITE HANGING HEART T-LIGHT HOLDER,1312.5,510,4
2010-08,Rest of Europe,ALL OTHER PRODUCTS,All other products,61914.88,121333,67
2010-08,Rest of World,ALL OTHER PRODUCTS,All other products,2872.26,1949,4
2010-08,United Kingdom,20725,LUNCH BAG RED RETROSPOT,4888.78,2534,149
2010-08,United Kingdom,22086,PAPER CHAIN KIT 50'S CHRISTMAS,758.44,264,27
2010-08,United Kingdom,22197,SMALL POPCORN HOLDER,1466.5,1926,60
2010-08,United Kingdom,22386,JUMBO BAG PINK POLKADOT,3238.37,1553,108
2010-08,United Kingdom,22423,REGENCY CAKESTAND 3 TIER,11649.63,903,178
2010-08,United Kingdom,47566,PARTY BUNTING,5502.110000000001,609,34
2010-08,United Kingdom,79321,CHILLI LIGHTS,1155.25,221,24
2010-08,United Kingdom,84347,ROTATING SILVER ANGELS T-LIGHT HLDR,479.72999999999996,173,21
2010-08,United Kingdom,84879,ASSORTED COLOUR BIRD ORNAMENT,4893.389999999999,3075,86
2010-08,United Kingdom,85099B,JUMBO BAG RED RETROSPOT,3514.29,1801,95
2010-08,United Kingdom,85123A,WHITE HANGING HEART T-LIGHT HOLDER,11289.13,4170,241
2010-08,United Kingdom,ALL OTHER PRODUCTS,All other products,531288.75,314314,1294
2010-09,Ireland (EIRE),20725,LUNCH BAG RED RETROSPOT,132.0,80,2
2010-09,Ireland (EIRE),22086,PAPER CHAIN KIT 50'S CHRISTMAS,17.700000000000003,6,1
2010-09,Ireland (EIRE),22197,SMALL POPCORN HOLDER,40.8,48,2
2010-09,Ireland (EIRE),22423,REGENCY CAKESTAND 3 TIER,1983.1499999999999,177,13
2010-09,Ireland (EIRE),79321,CHILLI LIGHTS,29.700000000000003,6,1
2010-09,Ireland (EIRE),84347,ROTATING SILVER ANGELS T-LIGHT HLDR,61.199999999999996,24,1
2010-09,Ireland (EIRE),84879,ASSORTED COLOUR BIRD ORNAMENT,13.52,8,1
2010-09,Ireland (EIRE),85123A,WHITE HANGING HEART T-LIGHT HOLDER,357.90000000000003,130,6
2010-09,Ireland (EIRE),ALL OTHER PRODUCTS,All other products,33236.15,19618,31
2010-09,Rest of Europe,20725,LUNCH BAG RED RETROSPOT,570.5,370,15
2010-09,Rest of Europe,22086,PAPER CHAIN KIT 50'S CHRISTMAS,119.7,46,2
2010-09,Rest of Europe,22197,SMALL POPCORN HOLDER,78.19999999999999,92,7
2010-09,Rest of Europe,22386,JUMBO BAG PINK POLKADOT,379.5,210,10
2010-09,Rest of Europe,22423,REGENCY CAKESTAND 3 TIER,1322.25,115,15
2010-09,Rest of Europe,79321,CHILLI LIGHTS,39.6,8,1
2010-09,Rest of Europe,84347,ROTATING SILVER ANGELS T-LIGHT HLDR,76.5,30,3
2010-09,Rest of Europe,84879,ASSORTED COLOUR BIRD ORNAMENT,774.96,504,8
2010-09,Rest of Europe,85099B,JUMBO BAG RED RETROSPOT,631.5,370,7
2010-09,Rest of Europe,85123A,WHITE HANGING HEART T-LIGHT HOLDER,1158.1499999999999,449,7
2010-09,Rest of Europe,ALL OTHER PRODUCTS,All other products,94854.88,61836,118
2010-09,Rest of World,20725,LUNCH BAG RED RETROSPOT,161.5,110,2
2010-09,Rest of World,22086,PAPER CHAIN KIT 50'S CHRISTMAS,59.0,20,1
2010-09,Rest of World,22197,SMALL POPCORN HOLDER,20.4,24,2
2010-09,Rest of World,22423,REGENCY CAKESTAND 3 TIER,739.05,67,2
2010-09,Rest of World,84879,ASSORTED COLOUR BIRD ORNAMENT,10.14,6,1
2010-09,Rest of World,85123A,WHITE HANGING HEART T-LIGHT HOLDER,189.75,73,3
2010-09,Rest of World,ALL OTHER PRODUCTS,All other products,7280.86,4512,12
2010-09,United Kingdom,20725,LUNCH BAG RED RETROSPOT,2489.84,1355,119
2010-09,United Kingdom,22086,PAPER CHAIN KIT 50'S CHRISTMAS,3067.7200000000003,1142,82
2010-09,United Kingdom,22197,SMALL POPCORN HOLDER,2117.24,2724,77
2010-09,United Kingdom,22386,JUMBO BAG PINK POLKADOT,3817.98,2112,107
2010-09,United Kingdom,22423,REGENCY CAKESTAND 3 TIER,20726.719999999998,1702,216
2010-09,United Kingdom,47566,PARTY BUNTING,3873.57,981,41
2010-09,United Kingdom,79321,CHILLI LIGHTS,2546.42,493,40
2010-09,United Kingdom,84347,ROTATING SILVER ANGELS T-LIGHT HLDR,4945.929999999999,2638,34
2010-09,United Kingdom,84879,ASSORTED COLOUR BIRD ORNAMENT,6029.07,3747,114
2010-09,United Kingdom,85099B,JUMBO BAG RED RETROSPOT,11633.69,6653,192
2010-09,United Kingdom,85123A,WHITE HANGING HEART T-LIGHT HOLDER,10043.039999999999,3736,226
2010-09,United Kingdom,ALL OTHER PRODUCTS,All other products,653613.34,467144,1605
2010-10,Ireland (EIRE),20725,LUNCH BAG RED RETROSPOT,16.5,10,1
2010-10,Ireland (EIRE),22086,PAPER CHAIN KIT 50'S CHRISTMAS,35.400000000000006,12,1
2010-10,Ireland (EIRE),22197,SMALL POPCORN HOLDER,61.199999999999996,72,4
2010-10,Ireland (EIRE),22423,REGENCY CAKESTAND 3 TIER,1819.5,154,17
2010-10,Ireland (EIRE),47566,PARTY BUNTING,406.5,106,3
2010-10,Ireland (EIRE),84347,ROTATING SILVER ANGELS T-LIGHT HLDR,91.8,36,4
2010-10,Ireland (EIRE),84879,ASSORTED COLOUR BIRD ORNAMENT,81.12,48,1
2010-10,Ireland (EIRE),85099B,JUMBO BAG RED RETROSPOT,39.0,20,2
2010-10,Ireland (EIRE),85123A,WHITE HANGING HEART T-LIGHT HOLDER,549.6,208,6
2010-10,Ireland (EIRE),ALL OTHER PRODUCTS,All other products,39145.57,19370,42
2010-10,Rest of Europe,20725,LUNCH BAG RED RETROSPOT,132.0,80,6
2010-10,Rest of Europe,22086,PAPER CHAIN KIT 50'S CHRISTMAS,20.650000000000002,7,2
2010-10,Rest of Europe,22197,SMALL POPCORN HOLDER,82.44999999999999,97,5
2010-10,Rest of Europe,22386,JUMBO BAG PINK POLKADOT,97.5,50,3
2010-10,Rest of Europe,22423,REGENCY CAKESTAND 3 TIER,1420.9499999999998,125,12
2010-10,Rest of Europe,47566,PARTY BUNTING,345.6,84,4
2010-10,Rest of Europe,79321,CHILLI LIGHTS,39.6,8,2
2010-10,Rest of Europe,84347,ROTATING SILVER ANGELS T-LIGHT HLDR,153.0,60,4
2010-10,Rest of Europe,84879,ASSORTED COLOUR BIRD ORNAMENT,81.12,48,4
2010-10,Rest of Europe,85099B,JUMBO BAG RED RETROSPOT,913.5,530,12
2010-10,Rest of Europe,85123A,WHITE HANGING HEART T-LIGHT HOLDER,657.75,249,7
2010-10,Rest of Europe,ALL OTHER PRODUCTS,All other products,96557.74,67729,125
2010-10,Rest of World,20725,LUNCH BAG RED RETROSPOT,115.5,70,2
2010-10,Rest of World,47566,PARTY BUNTING,69.75,15,2
2010-10,Rest of World,85099B,JUMBO BAG RED RETROSPOT,19.5,10,1
2010-10,Rest of World,ALL OTHER PRODUCTS,All other products,7538.95,7354,15
2010-10,United Kingdom,20725,LUNCH BAG RED RETROSPOT,2079.9,1089,111
2010-10,United Kingdom,22086,PAPER CHAIN KIT 50'S CHRISTMAS,8380.07,2965,180
2010-10,United Kingdom,22197,SMALL POPCORN HOLDER,3773.27,4956,117
2010-10,United Kingdom,22386,JUMBO BAG PINK POLKADOT,2755.12,1514,91
2010-10,United Kingdom,22423,REGENCY CAKESTAND 3 TIER,20663.559999999998,1686,237
2010-10,United Kingdom,47566,PARTY BUNTING,3355.61,755,91
2010-10,United Kingdom,79321,CHILLI LIGHTS,5388.29,1094,71
2010-10,United Kingdom,84347,ROTATING SILVER ANGELS T-LIGHT HLDR,8660.73,4537,65
2010-10,United Kingdom,84879,ASSORTED COLOUR BIRD ORNAMENT,9255.539999999999,5890,148
2010-10,United Kingdom,85099B,JUMBO BAG RED RETROSPOT,6854.31,3815,188
2010-10,United Kingdom,85123A,WHITE HANGING HEART T-LIGHT HOLDER,11421.57,4123,280
2010-10,United Kingdom,ALL OTHER PRODUCTS,All other products,861341.51,490530,2045
2010-11,Ireland (EIRE),20725,LUNCH BAG RED RETROSPOT,145.0,100,1
2010-11,Ireland (EIRE),22086,PAPER CHAIN KIT 50'S CHRISTMAS,88.5,30,2
2010-11,Ireland (EIRE),22197,SMALL POPCORN HOLDER,153.6,196,5
2010-11,Ireland (EIRE),22423,REGENCY CAKESTAND 3 TIER,732.9,62,10
2010-11,Ireland (EIRE),47566,PARTY BUNTING,139.5,30,5
2010-11,Ireland (EIRE),84347,ROTATING SILVER ANGELS T-LIGHT HLDR,30.599999999999998,12,1
2010-11,Ireland (EIRE),84879,ASSORTED COLOUR BIRD ORNAMENT,67.6,40,3
2010-11,Ireland (EIRE),85099B,JUMBO BAG RED RETROSPOT,19.5,10,1
2010-11,Ireland (EIRE),85123A,WHITE HANGING HEART T-LIGHT HOLDER,161.25,59,4
2010-11,Ireland (EIRE),ALL OTHER PRODUCTS,All other products,28677.86,14935,39
2010-11,Rest of Europe,20725,LUNCH BAG RED RETROSPOT,293.5,190,8
2010-11,Rest of Europe,22086,PAPER CHAIN KIT 50'S CHRISTMAS,141.6,48,2
2010-11,Rest of Europe,22197,SMALL POPCORN HOLDER,85.0,100,5
2010-11,Rest of Europe,22386,JUMBO BAG PINK POLKADOT,97.5,50,5
2010-11,Rest of Europe,22423,REGENCY CAKESTAND 3 TIER,2548.6499999999996,227,19
2010-11,Rest of Europe,47566,PARTY BUNTING,452.55,107,8
2010-11,Rest of Europe,79321,CHILLI LIGHTS,19.8,4,1
2010-11,Rest of Europe,84347,ROTATING SILVER ANGELS T-LIGHT HLDR,107.1,42,2
2010-11,Rest of Europe,84879,ASSORTED COLOUR BIRD ORNAMENT,297.44,176,7
2010-11,Rest of Europe,85099B,JUMBO BAG RED RETROSPOT,1094.1,638,16
2010-11,Rest of Europe,85123A,WHITE HANGING HEART T-LIGHT HOLDER,1534.7,594,7
2010-11,Rest of Europe,ALL OTHER PRODUCTS,All other products,123824.51,70645,156
2010-11,Rest of World,20725,LUNCH BAG RED RETROSPOT,33.0,20,1
2010-11,Rest of World,22086,PAPER CHAIN KIT 50'S CHRISTMAS,2.95,1,1
2010-11,Rest of World,22423,REGENCY CAKESTAND 3 TIER,1003.5,90,3
2010-11,Rest of World,84347,ROTATING SILVER ANGELS T-LIGHT HLDR,61.199999999999996,24,1
2010-11,Rest of World,85099B,JUMBO BAG RED RETROSPOT,19.5,10,1
2010-11,Rest of World,85123A,WHITE HANGING HEART T-LIGHT HOLDER,17.700000000000003,6,1
2010-11,Rest of World,ALL OTHER PRODUCTS,All other products,22090.14,15011,16
2010-11,United Kingdom,20725,LUNCH BAG RED RETROSPOT,2678.14,1550,139
2010-11,United Kingdom,22086,PAPER CHAIN KIT 50'S CHRISTMAS,28085.16,7156,324
2010-11,United Kingdom,22197,SMALL POPCORN HOLDER,10051.22,8886,201
2010-11,United Kingdom,22386,JUMBO BAG PINK POLKADOT,4547.84,2080,116
2010-11,United Kingdom,22423,REGENCY CAKESTAND 3 TIER,23751.53,1822,251
2010-11,United Kingdom,47566,PARTY BUNTING,2009.4,422,74
2010-11,United Kingdom,79321,CHILLI LIGHTS,7500.38,1551,115
2010-11,United Kingdom,84347,ROTATING SILVER ANGELS T-LIGHT HLDR,25491.64,12359,106
2010-11,United Kingdom,84879,ASSORTED COLOUR BIRD ORNAMENT,14207.349999999999,9039,225
2010-11,United Kingdom,85099B,JUMBO BAG RED RETROSPOT,10291.869999999999,5754,232
2010-11,United Kingdom,85123A,WHITE HANGING HEART T-LIGHT HOLDER,15847.5,5870,377
2010-11,United Kingdom,ALL OTHER PRODUCTS,All other products,1101298.0,564317,2482
2010-12,Ireland (EIRE),20725,LUNCH BAG RED RETROSPOT,16.5,10,1
2010-12,Ireland (EIRE),22086,PAPER CHAIN KIT 50'S CHRISTMAS,17.700000000000003,6,1
2010-12,Ireland (EIRE),22197,SMALL POPCORN HOLDER,51.0,60,2
2010-12,Ireland (EIRE),22423,REGENCY CAKESTAND 3 TIER,532.2,44,6
2010-12,Ireland (EIRE),79321,CHILLI LIGHTS,19.8,4,1
2010-12,Ireland (EIRE),85099B,JUMBO BAG RED RETROSPOT,19.5,10,1
2010-12,Ireland (EIRE),85123A,WHITE HANGING HEART T-LIGHT HOLDER,141.60000000000002,48,2
2010-12,Ireland (EIRE),ALL OTHER PRODUCTS,All other products,8884.960000000001,5581,17
2010-12,Rest of Europe,20725,LUNCH BAG RED RETROSPOT,214.5,130,7
2010-12,Rest of Europe,22086,PAPER CHAIN KIT 50'S CHRISTMAS,17.700000000000003,6,1
2010-12,Rest of Europe,22197,SMALL POPCORN HOLDER,173.39999999999998,204,5
2010-12,Rest of Europe,22386,JUMBO BAG PINK POLKADOT,58.5,30,3
2010-12,Rest of Europe,22423,REGENCY CAKESTAND 3 TIER,1233.0,108,10
2010-12,Rest of Europe,47566,PARTY BUNTING,32.55,7,3
2010-12,Rest of Europe,84347,ROTATING SILVER ANGELS T-LIGHT HLDR,107.1,42,2
2010-12,Rest of Europe,84879,ASSORTED COLOUR BIRD ORNAMENT,283.91999999999996,168,4
2010-12,Rest of Europe,85099B,JUMBO BAG RED RETROSPOT,136.5,70,5
2010-12,Rest of Europe,85123A,WHITE HANGING HEART T-LIGHT HOLDER,183.84999999999997,71,3
2010-12,Rest of Europe,ALL OTHER PRODUCTS,All other products,49405.07,33625,85
2010-12,Rest of World,20725,LUNCH BAG RED RETROSPOT,16.5,10,1
2010-12,Rest of World,47566,PARTY BUNTING,93.0,20,1
2010-12,Rest of World,85099B,JUMBO BAG RED RETROSPOT,19.5,10,1
2010-12,Rest of World,ALL OTHER PRODUCTS,All other products,8747.16,4564,7
2010-12,United Kingdom,20725,LUNCH BAG RED RETROSPOT,1198.24,581,76
2010-12,United Kingdom,22086,PAPER CHAIN KIT 50'S CHRISTMAS,9172.7,2442,161
2010-12,United Kingdom,22197,SMALL POPCORN HOLDER,2405.54,2473,114
2010-12,United Kingdom,22386,JUMBO BAG PINK POLKADOT,943.76,463,53
2010-12,United Kingdom,22423,REGENCY CAKESTAND 3 TIER,25929.559999999998,1925,156
2010-12,United Kingdom,47566,PARTY BUNTING,1082.19,210,44
2010-12,United Kingdom,79321,CHILLI LIGHTS,7486.639999999999,1586,79
2010-12,United Kingdom,84347,ROTATING SILVER ANGELS T-LIGHT HLDR,6624.91,2299,72
2010-12,United Kingdom,84879,ASSORTED COLOUR BIRD ORNAMENT,3688.43,2195,97
2010-12,United Kingdom,85099B,JUMBO BAG RED RETROSPOT,3843.65,2061,112
2010-12,United Kingdom,85123A,WHITE HANGING HEART T-LIGHT HOLDER,10109.91,3633,218
2010-12,United Kingdom,ALL OTHER PRODUCTS,All other products,632747.32,292833,1426
2011-01,Ireland (EIRE),20725,LUNCH BAG RED RETROSPOT,290.0,200,1
2011-01,Ireland (EIRE),22423,REGENCY CAKESTAND 3 TIER,1752.0,160,1
2011-01,Ireland (EIRE),85123A,WHITE HANGING HEART T-LIGHT HOLDER,17.700000000000003,6,1
2011-01,Ireland (EIRE),ALL OTHER PRODUCTS,All other products,19644.49,8424,7
2011-01,Rest of Europe,20725,LUNCH BAG RED RETROSPOT,382.6,244,12
2011-01,Rest of Europe,22197,SMALL POPCORN HOLDER,28.9,34,3
2011-01,Rest of Europe,22386,JUMBO BAG PINK POLKADOT,39.0,20,2
2011-01,Rest of Europe,22423,REGENCY CAKESTAND 3 TIER,2466.0,216,19
2011-01,Rest of Europe,47566,PARTY BUNTING,116.25,25,4
2011-01,Rest of Europe,79321,CHILLI LIGHTS,19.8,4,1
2011-01,Rest of Europe,84879,ASSORTED COLOUR BIRD ORNAMENT,340.15999999999997,224,3
2011-01,Rest of Europe,85099B,JUMBO BAG RED RETROSPOT,670.5,390,10
2011-01,Rest of Europe,85123A,WHITE HANGING HEART T-LIGHT HOLDER,670.5,262,2
2011-01,Rest of Europe,ALL OTHER PRODUCTS,All other products,82713.42,53239,94
2011-01,Rest of World,20725,LUNCH BAG RED RETROSPOT,16.5,10,1
2011-01,Rest of World,22197,SMALL POPCORN HOLDER,72.0,100,1
2011-01,Rest of World,22423,REGENCY CAKESTAND 3 TIER,153.0,12,1
2011-01,Rest of World,47566,PARTY BUNTING,139.5,30,3
2011-01,Rest of World,85099B,JUMBO BAG RED RETROSPOT,19.5,10,1
2011-01,Rest of World,85123A,WHITE HANGING HEART T-LIGHT HOLDER,70.80000000000001,24,2
2011-01,Rest of World,ALL OTHER PRODUCTS,All other products,14904.16,8096,13
2011-01,United Kingdom,20725,LUNCH BAG RED RETROSPOT,1843.1499999999999,1134,73
2011-01,United Kingdom,22086,PAPER CHAIN KIT 50'S CHRISTMAS,143.32,24,10
2011-01,United Kingdom,22197,SMALL POPCORN HOLDER,1394.58,1690,70
2011-01,United Kingdom,22386,JUMBO BAG PINK POLKADOT,2173.12,1122,74
2011-01,United Kingdom,22423,REGENCY CAKESTAND 3 TIER,8429.6,648,110
2011-01,United Kingdom,23166,MEDIUM CERAMIC TOP STORAGE JAR,77183.6,74215,1
2011-01,United Kingdom,47566,PARTY BUNTING,2027.96,430,54
2011-01,United Kingdom,79321,CHILLI LIGHTS,5871.43,1380,60
2011-01,United Kingdom,84347,ROTATING SILVER ANGELS T-LIGHT HLDR,185.57999999999998,39,15
2011-01,United Kingdom,84879,ASSORTED COLOUR BIRD ORNAMENT,2539.87,1523,69
2011-01,United Kingdom,85099B,JUMBO BAG RED RETROSPOT,4357.65,2347,108
2011-01,United Kingdom,85123A,WHITE HANGING HEART T-LIGHT HOLDER,14446.51,5235,163
2011-01,United Kingdom,ALL OTHER PRODUCTS,All other products,425257.09,225221,958
2011-02,Ireland (EIRE),20725,LUNCH BAG RED RETROSPOT,52.8,32,3
2011-02,Ireland (EIRE),22197,SMALL POPCORN HOLDER,288.0,400,1
2011-02,Ireland (EIRE),22423,REGENCY CAKESTAND 3 TIER,375.9,34,3
2011-02,Ireland (EIRE),47566,PARTY BUNTING,44.550000000000004,9,1
2011-02,Ireland (EIRE),79321,CHILLI LIGHTS,356.40000000000003,72,1
2011-02,Ireland (EIRE),84879,ASSORTED COLOUR BIRD ORNAMENT,40.56,24,1
2011-02,Ireland (EIRE),85099B,JUMBO BAG RED RETROSPOT,42.9,22,3
2011-02,Ireland (EIRE),85123A,WHITE HANGING HEART T-LIGHT HOLDER,216.3,82,5
2011-02,Ireland (EIRE),ALL OTHER PRODUCTS,All other products,10621.33,5289,13
2011-02,Rest of Europe,20725,LUNCH BAG RED RETROSPOT,244.0,160,7
2011-02,Rest of Europe,22197,SMALL POPCORN HOLDER,20.4,24,2
2011-02,Rest of Europe,22386,JUMBO BAG PINK POLKADOT,165.0,100,1
2011-02,Rest of Europe,22423,REGENCY CAKESTAND 3 TIER,1318.9499999999998,117,12
2011-02,Rest of Europe,47566,PARTY BUNTING,72.75,15,2
2011-02,Rest of Europe,84879,ASSORTED COLOUR BIRD ORNAMENT,81.11999999999999,48,2
2011-02,Rest of Europe,85099B,JUMBO BAG RED RETROSPOT,408.0,240,6
2011-02,Rest of Europe,85123A,WHITE HANGING HEART T-LIGHT HOLDER,214.7,82,4
2011-02,Rest of Europe,ALL OTHER PRODUCTS,All other products,53053.1,33800,80
2011-02,Rest of World,20725,LUNCH BAG RED RETROSPOT,145.0,100,1
2011-02,Rest of World,22423,REGENCY CAKESTAND 3 TIER,876.0,80,2
2011-02,Rest of World,47566,PARTY BUNTING,394.8,104,2
2011-02,Rest of World,ALL OTHER PRODUCTS,All other products,20874.69,12257,10
2011-02,United Kingdom,20725,LUNCH BAG RED RETROSPOT,1587.32,866,94
2011-02,United Kingdom,22086,PAPER CHAIN KIT 50'S CHRISTMAS,24.95,5,3
2011-02,United Kingdom,22197,SMALL POPCORN HOLDER,1816.8999999999999,2240,72
2011-02,United Kingdom,22386,JUMBO BAG PINK POLKADOT,1807.83,947,67
2011-02,United Kingdom,22423,REGENCY CAKESTAND 3 TIER,8438.64,670,115
2011-02,United Kingdom,47566,PARTY BUNTING,3835.8,797,74
2011-02,United Kingdom,79321,CHILLI LIGHTS,3259.85,596,49
2011-02,United Kingdom,84347,ROTATING SILVER ANGELS T-LIGHT HLDR,174.51,31,20
2011-02,United Kingdom,84879,ASSORTED COLOUR BIRD ORNAMENT,2614.67,1595,70
2011-02,United Kingdom,85099B,JUMBO BAG RED RETROSPOT,5166.34,2818,114
2011-02,United Kingdom,85123A,WHITE HANGING HEART T-LIGHT HOLDER,4709.11,1713,132
2011-02,United Kingdom,ALL OTHER PRODUCTS,All other products,384456.7,217258,982
2011-03,Ireland (EIRE),22197,SMALL POPCORN HOLDER,92.4,124,3
2011-03,Ireland (EIRE),22423,REGENCY CAKESTAND 3 TIER,63.75,5,2
2011-03,Ireland (EIRE),79321,CHILLI LIGHTS,178.20000000000002,36,1
2011-03,Ireland (EIRE),84879,ASSORTED COLOUR BIRD ORNAMENT,27.04,16,1
2011-03,Ireland (EIRE),85099B,JUMBO BAG RED RETROSPOT,19.5,10,1
2011-03,Ireland (EIRE),85123A,WHITE HANGING HEART T-LIGHT HOLDER,70.80000000000001,24,2
2011-03,Ireland (EIRE),ALL OTHER PRODUCTS,All other products,17871.48,9353,21
2011-03,Rest of Europe,20725,LUNCH BAG RED RETROSPOT,301.95,183,12
2011-03,Rest of Europe,22197,SMALL POPCORN HOLDER,142.79999999999998,168,8
2011-03,Rest of Europe,22386,JUMBO BAG PINK POLKADOT,620.5,350,6
2011-03,Rest of Europe,22423,REGENCY CAKESTAND 3 TIER,1624.9499999999998,141,19
2011-03,Rest of Europe,47566,PARTY BUNTING,158.4,32,5
2011-03,Rest of Europe,84879,ASSORTED COLOUR BIRD ORNAMENT,421.28,272,7
2011-03,Rest of Europe,85099B,JUMBO BAG RED RETROSPOT,381.45,211,10
2011-03,Rest of Europe,85123A,WHITE HANGING HEART T-LIGHT HOLDER,159.3,54,5
2011-03,Rest of Europe,ALL OTHER PRODUCTS,All other products,78832.65,50750,110
2011-03,Rest of World,22423,REGENCY CAKESTAND 3 TIER,350.4,32,1
2011-03,Rest of World,47566,PARTY BUNTING,59.400000000000006,12,1
2011-03,Rest of World,84879,ASSORTED COLOUR BIRD ORNAMENT,13.52,8,1
2011-03,Rest of World,ALL OTHER PRODUCTS,All other products,16990.11,10496,7
2011-03,United Kingdom,20725,LUNCH BAG RED RETROSPOT,2438.82,1321,107
2011-03,United Kingdom,22086,PAPER CHAIN KIT 50'S CHRISTMAS,232.01,87,5
2011-03,United Kingdom,22197,SMALL POPCORN HOLDER,2797.6099999999997,2511,81
2011-03,United Kingdom,22386,JUMBO BAG PINK POLKADOT,4458.79,2459,101
2011-03,United Kingdom,22423,REGENCY CAKESTAND 3 TIER,16320.15,1274,172
2011-03,United Kingdom,47566,PARTY BUNTING,8905.220000000001,1622,151
2011-03,United Kingdom,79321,CHILLI LIGHTS,2909.1000000000004,477,48
2011-03,United Kingdom,84347,ROTATING SILVER ANGELS T-LIGHT HLDR,62.03,11,7
2011-03,United Kingdom,84879,ASSORTED COLOUR BIRD ORNAMENT,3840.86,2366,102
2011-03,United Kingdom,85099B,JUMBO BAG RED RETROSPOT,9717.43,5059,160
2011-03,United Kingdom,85123A,WHITE HANGING HEART T-LIGHT HOLDER,5367.8,1920,180
2011-03,United Kingdom,ALL OTHER PRODUCTS,All other products,514403.81,284798,1288
2011-04,Ireland (EIRE),20725,LUNCH BAG RED RETROSPOT,16.5,10,1
2011-04,Ireland (EIRE),22197,SMALL POPCORN HOLDER,20.4,24,2
2011-04,Ireland (EIRE),22423,REGENCY CAKESTAND 3 TIER,38.25,3,2
2011-04,Ireland (EIRE),47566,PARTY BUNTING,19.8,4,1
2011-04,Ireland (EIRE),85099B,JUMBO BAG RED RETROSPOT,20.8,10,1
2011-04,Ireland (EIRE),85123A,WHITE HANGING HEART T-LIGHT HOLDER,17.700000000000003,6,1
2011-04,Ireland (EIRE),ALL OTHER PRODUCTS,All other products,7137.05,4072,11
2011-04,Rest of Europe,20725,LUNCH BAG RED RETROSPOT,181.5,110,8
2011-04,Rest of Europe,22197,SMALL POPCORN HOLDER,71.39999999999999,84,4
2011-04,Rest of Europe,22386,JUMBO BAG PINK POLKADOT,20.8,10,1
2011-04,Rest of Europe,22423,REGENCY CAKESTAND 3 TIER,618.15,53,10
2011-04,Rest of Europe,47566,PARTY BUNTING,89.1,18,4
2011-04,Rest of Europe,84879,ASSORTED COLOUR BIRD ORNAMENT,155.48,92,5
2011-04,Rest of Europe,85099B,JUMBO BAG RED RETROSPOT,473.0,270,6
2011-04,Rest of Europe,85123A,WHITE HANGING HEART T-LIGHT HOLDER,26.55,9,1
2011-04,Rest of Europe,ALL OTHER PRODUCTS,All other products,28614.36,16410,67
2011-04,Rest of World,20725,LUNCH BAG RED RETROSPOT,49.5,30,1
2011-04,Rest of World,22197,SMALL POPCORN HOLDER,72.0,100,1
2011-04,Rest of World,22386,JUMBO BAG PINK POLKADOT,41.6,20,1
2011-04,Rest of World,22423,REGENCY CAKESTAND 3 TIER,328.2,28,3
2011-04,Rest of World,85099B,JUMBO BAG RED RETROSPOT,41.6,20,1
2011-04,Rest of World,ALL OTHER PRODUCTS,All other products,12032.23,11005,9
2011-04,United Kingdom,20725,LUNCH BAG RED RETROSPOT,2159.44,975,101
2011-04,United Kingdom,22086,PAPER CHAIN KIT 50'S CHRISTMAS,41.080000000000005,12,5
2011-04,United Kingdom,22197,SMALL POPCORN HOLDER,1331.77,1661,67
2011-04,United Kingdom,22386,JUMBO BAG PINK POLKADOT,1254.06,562,78
2011-04,United Kingdom,22423,REGENCY CAKESTAND 3 TIER,13828.35,1111,161
2011-04,United Kingdom,47566,PARTY BUNTING,10669.57,1915,188
2011-04,United Kingdom,79321,CHILLI LIGHTS,357.5,33,8
2011-04,United Kingdom,84347,ROTATING SILVER ANGELS T-LIGHT HLDR,27.35,6,3
2011-04,United Kingdom,84879,ASSORTED COLOUR BIRD ORNAMENT,4018.7599999999998,2468,114
2011-04,United Kingdom,85099B,JUMBO BAG RED RETROSPOT,4342.68,2156,114
2011-04,United Kingdom,85123A,WHITE HANGING HEART T-LIGHT HOLDER,9973.54,3828,173
2011-04,United Kingdom,ALL OTHER PRODUCTS,All other products,417287.92,260535,1136
2011-05,Ireland (EIRE),20725,LUNCH BAG RED RETROSPOT,115.5,70,3
2011-05,Ireland (EIRE),22197,SMALL POPCORN HOLDER,81.6,96,2
2011-05,Ireland (EIRE),22423,REGENCY CAKESTAND 3 TIER,955.8,84,9
2011-05,Ireland (EIRE),47566,PARTY BUNTING,286.70000000000005,66,4
2011-05,Ireland (EIRE),79321,CHILLI LIGHTS,23.0,4,1
2011-05,Ireland (EIRE),84879,ASSORTED COLOUR BIRD ORNAMENT,67.6,40,2
2011-05,Ireland (EIRE),85123A,WHITE HANGING HEART T-LIGHT HOLDER,240.90000000000003,86,6
2011-05,Ireland (EIRE),ALL OTHER PRODUCTS,All other products,15982.62,7565,22
2011-05,Rest of Europe,20725,LUNCH BAG RED RETROSPOT,1112.75,735,19
2011-05,Rest of Europe,22197,SMALL POPCORN HOLDER,20.4,24,1
2011-05,Rest of Europe,22386,JUMBO BAG PINK POLKADOT,62.400000000000006,30,3
2011-05,Rest of Europe,22423,REGENCY CAKESTAND 3 TIER,1395.4499999999998,123,16
2011-05,Rest of Europe,23166,MEDIUM CERAMIC TOP STORAGE JAR,129.84,120,3
2011-05,Rest of Europe,47566,PARTY BUNTING,178.20000000000002,36,4
2011-05,Rest of Europe,84879,ASSORTED COLOUR BIRD ORNAMENT,883.12,568,7
2011-05,Rest of Europe,85099B,JUMBO BAG RED RETROSPOT,586.8000000000001,310,9
2011-05,Rest of Europe,ALL OTHER PRODUCTS,All other products,80554.11,51156,117
2011-05,Rest of World,20725,LUNCH BAG RED RETROSPOT,82.5,50,1
2011-05,Rest of World,22423,REGENCY CAKESTAND 3 TIER,25.5,2,1
2011-05,Rest of World,47566,PARTY BUNTING,415.00000000000006,100,1
2011-05,Rest of World,84879,ASSORTED COLOUR BIRD ORNAMENT,27.04,16,1
2011-05,Rest of World,ALL OTHER PRODUCTS,All other products,18544.49,12403,11
2011-05,United Kingdom,20725,LUNCH BAG RED RETROSPOT,2866.43,1500,127
2011-05,United Kingdom,22086,PAPER CHAIN KIT 50'S CHRISTMAS,65.19,17,3
2011-05,United Kingdom,22197,SMALL POPCORN HOLDER,5042.83,6721,100
2011-05,United Kingdom,22386,JUMBO BAG PINK POLKADOT,2882.55,1395,113
2011-05,United Kingdom,22423,REGENCY CAKESTAND 3 TIER,10269.22,853,166
2011-05,United Kingdom,23166,MEDIUM CERAMIC TOP STORAGE JAR,761.34,681,32
2011-05,United Kingdom,47566,PARTY BUNTING,18238.15,3353,233
2011-05,United Kingdom,79321,CHILLI LIGHTS,2273.75,418,41
2011-05,United Kingdom,84347,ROTATING SILVER ANGELS T-LIGHT HLDR,153.0,60,2
2011-05,United Kingdom,84879,ASSORTED COLOUR BIRD ORNAMENT,4074.36,2436,131
2011-05,United Kingdom,85099B,JUMBO BAG RED RETROSPOT,6535.93,3311,177
2011-05,United Kingdom,85123A,WHITE HANGING HEART T-LIGHT HOLDER,10975.52,3920,211
2011-05,United Kingdom,ALL OTHER PRODUCTS,All other products,554028.56,296301,1503
2011-06,Ireland (EIRE),20725,LUNCH BAG RED RETROSPOT,33.0,20,1
2011-06,Ireland (EIRE),22197,SMALL POPCORN HOLDER,51.0,60,3
2011-06,Ireland (EIRE),22423,REGENCY CAKESTAND 3 TIER,280.5,22,6
2011-06,Ireland (EIRE),23166,MEDIUM CERAMIC TOP STORAGE JAR,15.0,12,1
2011-06,Ireland (EIRE),47566,PARTY BUNTING,227.30000000000004,54,2
2011-06,Ireland (EIRE),79321,CHILLI LIGHTS,23.0,4,1
2011-06,Ireland (EIRE),84879,ASSORTED COLOUR BIRD ORNAMENT,27.04,16,2
2011-06,Ireland (EIRE),85099B,JUMBO BAG RED RETROSPOT,41.6,20,2
2011-06,Ireland (EIRE),85123A,WHITE HANGING HEART T-LIGHT HOLDER,117.0,44,3
2011-06,Ireland (EIRE),ALL OTHER PRODUCTS,All other products,19897.85,12640,26
2011-06,Rest of Europe,20725,LUNCH BAG RED RETROSPOT,446.75,295,11
2011-06,Rest of Europe,22197,SMALL POPCORN HOLDER,59.5,70,5
2011-06,Rest of Europe,22386,JUMBO BAG PINK POLKADOT,476.44,243,9
2011-06,Rest of Europe,22423,REGENCY CAKESTAND 3 TIER,1011.75,85,13
2011-06,Rest of Europe,23166,MEDIUM CERAMIC TOP STORAGE JAR,64.92,60,2
2011-06,Rest of Europe,47566,PARTY BUNTING,405.50000000000006,90,7
2011-06,Rest of Europe,79321,CHILLI LIGHTS,69.0,12,1
2011-06,Rest of Europe,84879,ASSORTED COLOUR BIRD ORNAMENT,299.59999999999997,200,4
2011-06,Rest of Europe,85099B,JUMBO BAG RED RETROSPOT,778.16,402,14
2011-06,Rest of Europe,85123A,WHITE HANGING HEART T-LIGHT HOLDER,35.400000000000006,12,2
2011-06,Rest of Europe,ALL OTHER PRODUCTS,All other products,79396.84,49525,112
2011-06,Rest of World,20725,LUNCH BAG RED RETROSPOT,145.0,100,1
2011-06,Rest of World,22423,REGENCY CAKESTAND 3 TIER,350.4,32,1
2011-06,Rest of World,23166,MEDIUM CERAMIC TOP STORAGE JAR,99.84,96,1
2011-06,Rest of World,47566,PARTY BUNTING,118.80000000000001,24,1
2011-06,Rest of World,85099B,JUMBO BAG RED RETROSPOT,179.0,100,1
2011-06,Rest of World,ALL OTHER PRODUCTS,All other products,27877.97,19591,8
2011-06,United Kingdom,20725,LUNCH BAG RED RETROSPOT,2474.44,1220,127
2011-06,United Kingdom,22086,PAPER CHAIN KIT 50'S CHRISTMAS,910.8800000000001,344,8
2011-06,United Kingdom,22197,SMALL POPCORN HOLDER,1596.4099999999999,1965,94
2011-06,United Kingdom,22386,JUMBO BAG PINK POLKADOT,3701.95,1870,115
2011-06,United Kingdom,22423,REGENCY CAKESTAND 3 TIER,8089.99,644,115
2011-06,United Kingdom,23166,MEDIUM CERAMIC TOP STORAGE JAR,293.51,229,29
2011-06,United Kingdom,47566,PARTY BUNTING,11804.52,2052,196
2011-06,United Kingdom,79321,CHILLI LIGHTS,2218.29,382,48
2011-06,United Kingdom,84347,ROTATING SILVER ANGELS T-LIGHT HLDR,25.08,7,6
2011-06,United Kingdom,84879,ASSORTED COLOUR BIRD ORNAMENT,2301.0,1348,84
2011-06,United Kingdom,85099B,JUMBO BAG RED RETROSPOT,6249.22,3159,164
2011-06,United Kingdom,85123A,WHITE HANGING HEART T-LIGHT HOLDER,4528.41,1619,137
2011-06,United Kingdom,ALL OTHER PRODUCTS,All other products,560837.12,289456,1369
2011-07,Ireland (EIRE),20725,LUNCH BAG RED RETROSPOT,178.0,120,2
2011-07,Ireland (EIRE),22086,PAPER CHAIN KIT 50'S CHRISTMAS,306.0,120,1
2011-07,Ireland (EIRE),22197,SMALL POPCORN HOLDER,91.8,108,3
2011-07,Ireland (EIRE),22423,REGENCY CAKESTAND 3 TIER,806.0999999999999,70,8
2011-07,Ireland (EIRE),23166,MEDIUM CERAMIC TOP STORAGE JAR,474.84000000000003,396,4
2011-07,Ireland (EIRE),47566,PARTY BUNTING,318.6,76,2
2011-07,Ireland (EIRE),84879,ASSORTED COLOUR BIRD ORNAMENT,67.6,40,4
2011-07,Ireland (EIRE),85123A,WHITE HANGING HEART T-LIGHT HOLDER,106.20000000000002,36,2
2011-07,Ireland (EIRE),ALL OTHER PRODUCTS,All other products,39889.71,21131,27
2011-07,Rest of Europe,20725,LUNCH BAG RED RETROSPOT,425.5,270,12
2011-07,Rest of Europe,22197,SMALL POPCORN HOLDER,13.6,16,2
2011-07,Rest of Europe,22386,JUMBO BAG PINK POLKADOT,62.400000000000006,30,3
2011-07,Rest of Europe,22423,REGENCY CAKESTAND 3 TIER,1019.55,89,14
2011-07,Rest of Europe,23166,MEDIUM CERAMIC TOP STORAGE JAR,15.0,12,1
2011-07,Rest of Europe,47566,PARTY BUNTING,158.4,32,4
2011-07,Rest of Europe,79321,CHILLI LIGHTS,23.0,4,1
2011-07,Rest of Europe,84879,ASSORTED COLOUR BIRD ORNAMENT,111.53999999999999,66,4
2011-07,Rest of Europe,85099B,JUMBO BAG RED RETROSPOT,166.4,80,6
2011-07,Rest of Europe,85123A,WHITE HANGING HEART T-LIGHT HOLDER,41.300000000000004,14,2
2011-07,Rest of Europe,ALL OTHER PRODUCTS,All other products,49959.29,31904,92
2011-07,Rest of World,20725,LUNCH BAG RED RETROSPOT,46.199999999999996,28,3
2011-07,Rest of World,22086,PAPER CHAIN KIT 50'S CHRISTMAS,70.80000000000001,24,2
2011-07,Rest of World,22197,SMALL POPCORN HOLDER,2.55,3,1
2011-07,Rest of World,22423,REGENCY CAKESTAND 3 TIER,563.8499999999999,51,5
2011-07,Rest of World,23166,MEDIUM CERAMIC TOP STORAGE JAR,1.25,1,1
2011-07,Rest of World,47566,PARTY BUNTING,286.70000000000005,66,3
2011-07,Rest of World,84347,ROTATING SILVER ANGELS T-LIGHT HLDR,2.55,1,1
2011-07,Rest of World,84879,ASSORTED COLOUR BIRD ORNAMENT,10.14,6,2
2011-07,Rest of World,85099B,JUMBO BAG RED RETROSPOT,2.08,1,1
2011-07,Rest of World,85123A,WHITE HANGING HEART T-LIGHT HOLDER,81.6,32,1
2011-07,Rest of World,ALL OTHER PRODUCTS,All other products,15767.88,12301,16
2011-07,United Kingdom,20725,LUNCH BAG RED RETROSPOT,2278.13,1312,116
2011-07,United Kingdom,22086,PAPER CHAIN KIT 50'S CHRISTMAS,701.1300000000001,239,28
2011-07,United Kingdom,22197,SMALL POPCORN HOLDER,1432.05,1749,89
2011-07,United Kingdom,22386,JUMBO BAG PINK POLKADOT,3062.87,1499,114
2011-07,United Kingdom,22423,REGENCY CAKESTAND 3 TIER,11546.609999999999,937,113
2011-07,United Kingdom,23166,MEDIUM CERAMIC TOP STORAGE JAR,366.62,322,20
2011-07,United Kingdom,47566,PARTY BUNTING,13812.800000000001,2584,178
2011-07,United Kingdom,79321,CHILLI LIGHTS,4266.24,835,36
2011-07,United Kingdom,84347,ROTATING SILVER ANGELS T-LIGHT HLDR,269.85,127,3
2011-07,United Kingdom,84879,ASSORTED COLOUR BIRD ORNAMENT,2926.69,1725,94
2011-07,United Kingdom,85099B,JUMBO BAG RED RETROSPOT,6085.39,3048,177
2011-07,United Kingdom,85123A,WHITE HANGING HEART T-LIGHT HOLDER,8266.16,2924,153
2011-07,United Kingdom,ALL OTHER PRODUCTS,All other products,522134.37,314861,1310
2011-08,Ireland (EIRE),20725,LUNCH BAG RED RETROSPOT,16.5,10,1
2011-08,Ireland (EIRE),22086,PAPER CHAIN KIT 50'S CHRISTMAS,341.4,132,2
2011-08,Ireland (EIRE),22197,SMALL POPCORN HOLDER,112.19999999999999,132,4
2011-08,Ireland (EIRE),22386,JUMBO BAG PINK POLKADOT,104.0,50,1
2011-08,Ireland (EIRE),22423,REGENCY CAKESTAND 3 TIER,828.3,74,7
2011-08,Ireland (EIRE),23166,MEDIUM CERAMIC TOP STORAGE JAR,15.0,12,1
2011-08,Ireland (EIRE),85099B,JUMBO BAG RED RETROSPOT,70.72,34,3
2011-08,Ireland (EIRE),85123A,WHITE HANGING HEART T-LIGHT HOLDER,198.6,76,2
2011-08,Ireland (EIRE),ALL OTHER PRODUCTS,All other products,16357.48,9546,18
2011-08,Rest of Europe,20725,LUNCH BAG RED RETROSPOT,425.5,270,11
2011-08,Rest of Europe,22086,PAPER CHAIN KIT 50'S CHRISTMAS,17.700000000000003,6,1
2011-08,Rest of Europe,22197,SMALL POPCORN HOLDER,25.5,30,2
2011-08,Rest of Europe,22386,JUMBO BAG PINK POLKADOT,724.2,390,10
2011-08,Rest of Europe,22423,REGENCY CAKESTAND 3 TIER,1863.8999999999999,162,18
2011-08,Rest of Europe,47566,PARTY BUNTING,499.55000000000007,109,9
2011-08,Rest of Europe,84347,ROTATING SILVER ANGELS T-LIGHT HLDR,168.3,66,2
2011-08,Rest of Europe,84879,ASSORTED COLOUR BIRD ORNAMENT,94.63999999999999,56,3
2011-08,Rest of Europe,85099B,JUMBO BAG RED RETROSPOT,1173.6,620,19
2011-08,Rest of Europe,85123A,WHITE HANGING HEART T-LIGHT HOLDER,176.0,64,5
2011-08,Rest of Europe,ALL OTHER PRODUCTS,All other products,91707.81,60349,118
2011-08,Rest of World,20725,LUNCH BAG RED RETROSPOT,16.5,10,1
2011-08,Rest of World,22197,SMALL POPCORN HOLDER,20.4,24,1
2011-08,Rest of World,22386,JUMBO BAG PINK POLKADOT,20.8,10,1
2011-08,Rest of World,22423,REGENCY CAKESTAND 3 TIER,452.4,40,3
2011-08,Rest of World,23166,MEDIUM CERAMIC TOP STORAGE JAR,114.84,108,2
2011-08,Rest of World,47566,PARTY BUNTING,415.00000000000006,100,1
2011-08,Rest of World,85099B,JUMBO BAG RED RETROSPOT,179.0,100,1
2011-08,Rest of World,ALL OTHER PRODUCTS,All other products,29380.61,16178,7
2011-08,United Kingdom,20725,LUNCH BAG RED RETROSPOT,3553.41,1862,144
2011-08,United Kingdom,22086,PAPER CHAIN KIT 50'S CHRISTMAS,969.94,350,29
2011-08,United Kingdom,22197,SMALL POPCORN HOLDER,3975.25,5235,74
2011-08,United Kingdom,22386,JUMBO BAG PINK POLKADOT,3879.73,1831,98
2011-08,United Kingdom,22423,REGENCY CAKESTAND 3 TIER,7376.7,566,109
2011-08,United Kingdom,23166,MEDIUM CERAMIC TOP STORAGE JAR,410.37,307,36
2011-08,United Kingdom,47566,PARTY BUNTING,8780.300000000001,1486,145
2011-08,United Kingdom,79321,CHILLI LIGHTS,2260.33,398,31
2011-08,United Kingdom,84347,ROTATING SILVER ANGELS T-LIGHT HLDR,134.73,50,10
2011-08,United Kingdom,84879,ASSORTED COLOUR BIRD ORNAMENT,9774.09,6489,108
2011-08,United Kingdom,85099B,JUMBO BAG RED RETROSPOT,9199.24,4648,154
2011-08,United Kingdom,85123A,WHITE HANGING HEART T-LIGHT HOLDER,5245.97,1935,136
2011-08,United Kingdom,ALL OTHER PRODUCTS,All other products,523135.99,306780,1183
2011-09,Ireland (EIRE),20725,LUNCH BAG RED RETROSPOT,145.0,100,1
2011-09,Ireland (EIRE),22086,PAPER CHAIN KIT 50'S CHRISTMAS,17.700000000000003,6,1
2011-09,Ireland (EIRE),22197,SMALL POPCORN HOLDER,71.39999999999999,84,4
2011-09,Ireland (EIRE),22423,REGENCY CAKESTAND 3 TIER,672.45,55,8
2011-09,Ireland (EIRE),23166,MEDIUM CERAMIC TOP STORAGE JAR,49.92,48,1
2011-09,Ireland (EIRE),47566,PARTY BUNTING,392.85,91,6
2011-09,Ireland (EIRE),84347,ROTATING SILVER ANGELS T-LIGHT HLDR,45.9,18,2
2011-09,Ireland (EIRE),84879,ASSORTED COLOUR BIRD ORNAMENT,202.8,120,6
2011-09,Ireland (EIRE),85099B,JUMBO BAG RED RETROSPOT,20.8,10,1
2011-09,Ireland (EIRE),85123A,WHITE HANGING HEART T-LIGHT HOLDER,159.3,54,6
2011-09,Ireland (EIRE),ALL OTHER PRODUCTS,All other products,40545.58,22385,37
2011-09,Rest of Europe,20725,LUNCH BAG RED RETROSPOT,653.0,420,17
2011-09,Rest of Europe,22086,PAPER CHAIN KIT 50'S CHRISTMAS,341.4,132,3
2011-09,Rest of Europe,22197,SMALL POPCORN HOLDER,204.6,256,8
2011-09,Rest of Europe,22386,JUMBO BAG PINK POLKADOT,462.0,250,6
2011-09,Rest of Europe,22423,REGENCY CAKESTAND 3 TIER,1172.55,101,18
2011-09,Rest of Europe,47566,PARTY BUNTING,178.2,36,6
2011-09,Rest of Europe,84347,ROTATING SILVER ANGELS T-LIGHT HLDR,15.299999999999999,6,1
2011-09,Rest of Europe,84879,ASSORTED COLOUR BIRD ORNAMENT,353.68,232,4
2011-09,Rest of Europe,85099B,JUMBO BAG RED RETROSPOT,628.4,330,10
2011-09,Rest of Europe,85123A,WHITE HANGING HEART T-LIGHT HOLDER,117.0,44,2
2011-09,Rest of Europe,ALL OTHER PRODUCTS,All other products,98916.89,61412,137
2011-09,Rest of World,20725,LUNCH BAG RED RETROSPOT,16.5,10,1
2011-09,Rest of World,22086,PAPER CHAIN KIT 50'S CHRISTMAS,35.400000000000006,12,1
2011-09,Rest of World,22423,REGENCY CAKESTAND 3 TIER,153.0,12,1
2011-09,Rest of World,47566,PARTY BUNTING,59.400000000000006,12,1
2011-09,Rest of World,ALL OTHER PRODUCTS,All other products,6638.08,5152,12
2011-09,United Kingdom,20725,LUNCH BAG RED RETROSPOT,2112.27,1180,138
2011-09,United Kingdom,22086,PAPER CHAIN KIT 50'S CHRISTMAS,5602.75,1953,158
2011-09,United Kingdom,22197,SMALL POPCORN HOLDER,3331.13,3856,113
2011-09,United Kingdom,22386,JUMBO BAG PINK POLKADOT,4921.93,2461,116
2011-09,United Kingdom,22423,REGENCY CAKESTAND 3 TIER,7621.53,606,124
2011-09,United Kingdom,23166,MEDIUM CERAMIC TOP STORAGE JAR,357.18,298,27
2011-09,United Kingdom,47566,PARTY BUNTING,5752.7,994,128
2011-09,United Kingdom,79321,CHILLI LIGHTS,3677.3900000000003,675,49
2011-09,United Kingdom,84347,ROTATING SILVER ANGELS T-LIGHT HLDR,1699.1699999999998,740,41
2011-09,United Kingdom,84879,ASSORTED COLOUR BIRD ORNAMENT,4437.04,2712,126
2011-09,United Kingdom,85099B,JUMBO BAG RED RETROSPOT,8230.97,4059,207
2011-09,United Kingdom,85123A,WHITE HANGING HEART T-LIGHT HOLDER,6669.36,2376,163
2011-09,United Kingdom,ALL OTHER PRODUCTS,All other products,821637.86,455402,1625
2011-10,Ireland (EIRE),20725,LUNCH BAG RED RETROSPOT,33.0,20,1
2011-10,Ireland (EIRE),22086,PAPER CHAIN KIT 50'S CHRISTMAS,172.8,64,4
2011-10,Ireland (EIRE),22197,SMALL POPCORN HOLDER,421.2,572,4
2011-10,Ireland (EIRE),22386,JUMBO BAG PINK POLKADOT,20.8,10,1
2011-10,Ireland (EIRE),22423,REGENCY CAKESTAND 3 TIER,678.5999999999999,60,8
2011-10,Ireland (EIRE),47566,PARTY BUNTING,79.2,16,3
2011-10,Ireland (EIRE),79321,CHILLI LIGHTS,23.0,4,1
2011-10,Ireland (EIRE),84879,ASSORTED COLOUR BIRD ORNAMENT,40.56,24,2
2011-10,Ireland (EIRE),85099B,JUMBO BAG RED RETROSPOT,41.6,20,2
2011-10,Ireland (EIRE),85123A,WHITE HANGING HEART T-LIGHT HOLDER,287.7,110,5
2011-10,Ireland (EIRE),ALL OTHER PRODUCTS,All other products,22004.46,14990,30
2011-10,Rest of Europe,20725,LUNCH BAG RED RETROSPOT,448.6,284,12
2011-10,Rest of Europe,22086,PAPER CHAIN KIT 50'S CHRISTMAS,106.20000000000002,36,2
2011-10,Rest of Europe,22197,SMALL POPCORN HOLDER,53.55,63,6
2011-10,Rest of Europe,22386,JUMBO BAG PINK POLKADOT,620.2,340,5
2011-10,Rest of Europe,22423,REGENCY CAKESTAND 3 TIER,3622.5,318,28
2011-10,Rest of Europe,23166,MEDIUM CERAMIC TOP STORAGE JAR,15.0,12,1
2011-10,Rest of Europe,47566,PARTY BUNTING,19.8,4,1
2011-10,Rest of Europe,84347,ROTATING SILVER ANGELS T-LIGHT HLDR,420.29999999999995,186,6
2011-10,Rest of Europe,84879,ASSORTED COLOUR BIRD ORNAMENT,219.7,130,9
2011-10,Rest of Europe,85099B,JUMBO BAG RED RETROSPOT,917.64,483,18
2011-10,Rest of Europe,85123A,WHITE HANGING HEART T-LIGHT HOLDER,413.0,140,7
2011-10,Rest of Europe,ALL OTHER PRODUCTS,All other products,136909.42,87810,170
2011-10,Rest of World,20725,LUNCH BAG RED RETROSPOT,16.5,10,1
2011-10,Rest of World,22197,SMALL POPCORN HOLDER,72.0,100,1
2011-10,Rest of World,22386,JUMBO BAG PINK POLKADOT,179.0,100,1
2011-10,Rest of World,22423,REGENCY CAKESTAND 3 TIER,289.95,25,4
2011-10,Rest of World,23166,MEDIUM CERAMIC TOP STORAGE JAR,15.0,12,1
2011-10,Rest of World,47566,PARTY BUNTING,24.75,5,2
2011-10,Rest of World,85099B,JUMBO BAG RED RETROSPOT,20.8,10,1
2011-10,Rest of World,85123A,WHITE HANGING HEART T-LIGHT HOLDER,2.95,1,1
2011-10,Rest of World,ALL OTHER PRODUCTS,All other products,23657.09,11407,14
2011-10,United Kingdom,20725,LUNCH BAG RED RETROSPOT,2305.75,1041,107
2011-10,United Kingdom,22086,PAPER CHAIN KIT 50'S CHRISTMAS,9743.54,3326,225
2011-10,United Kingdom,22197,SMALL POPCORN HOLDER,4263.8,5168,131
2011-10,United Kingdom,22386,JUMBO BAG PINK POLKADOT,5287.68,2756,94
2011-10,United Kingdom,22423,REGENCY CAKESTAND 3 TIER,8664.69,678,128
2011-10,United Kingdom,23166,MEDIUM CERAMIC TOP STORAGE JAR,290.57,226,29
2011-10,United Kingdom,47566,PARTY BUNTING,3592.73,595,93
2011-10,United Kingdom,79321,CHILLI LIGHTS,4655.13,824,58
2011-10,United Kingdom,84347,ROTATING SILVER ANGELS T-LIGHT HLDR,3985.8,1817,70
2011-10,United Kingdom,84879,ASSORTED COLOUR BIRD ORNAMENT,4399.18,2590,134
2011-10,United Kingdom,85099B,JUMBO BAG RED RETROSPOT,9505.77,4899,168
2011-10,United Kingdom,85123A,WHITE HANGING HEART T-LIGHT HOLDER,4046.5,1434,144
2011-10,United Kingdom,ALL OTHER PRODUCTS,All other products,850726.24,476877,1778
2011-11,Ireland (EIRE),20725,LUNCH BAG RED RETROSPOT,16.5,10,1
2011-11,Ireland (EIRE),22086,PAPER CHAIN KIT 50'S CHRISTMAS,531.9000000000001,202,5
2011-11,Ireland (EIRE),22197,SMALL POPCORN HOLDER,81.6,96,5
2011-11,Ireland (EIRE),22423,REGENCY CAKESTAND 3 TIER,595.95,49,8
2011-11,Ireland (EIRE),23166,MEDIUM CERAMIC TOP STORAGE JAR,15.0,12,1
2011-11,Ireland (EIRE),47566,PARTY BUNTING,418.20000000000005,100,2
2011-11,Ireland (EIRE),79321,CHILLI LIGHTS,23.0,4,1
2011-11,Ireland (EIRE),84347,ROTATING SILVER ANGELS T-LIGHT HLDR,153.0,60,4
2011-11,Ireland (EIRE),84879,ASSORTED COLOUR BIRD ORNAMENT,54.08,32,2
2011-11,Ireland (EIRE),85099B,JUMBO BAG RED RETROSPOT,20.8,10,1
2011-11,Ireland (EIRE),85123A,WHITE HANGING HEART T-LIGHT HOLDER,1120.8,432,9
2011-11,Ireland (EIRE),ALL OTHER PRODUCTS,All other products,26782.6,15630,42
2011-11,Rest of Europe,20725,LUNCH BAG RED RETROSPOT,377.65,241,13
2011-11,Rest of Europe,22086,PAPER CHAIN KIT 50'S CHRISTMAS,138.65000000000003,47,9
2011-11,Rest of Europe,22197,SMALL POPCORN HOLDER,251.1,326,9
2011-11,Rest of Europe,22386,JUMBO BAG PINK POLKADOT,145.60000000000002,70,4
2011-11,Rest of Europe,22423,REGENCY CAKESTAND 3 TIER,2222.5499999999997,189,27
2011-11,Rest of Europe,23166,MEDIUM CERAMIC TOP STORAGE JAR,49.92,48,1
2011-11,Rest of Europe,47566,PARTY BUNTING,64.35,13,3
2011-11,Rest of Europe,79321,CHILLI LIGHTS,23.0,4,1
2011-11,Rest of Europe,84347,ROTATING SILVER ANGELS T-LIGHT HLDR,50.99999999999999,20,2
2011-11,Rest of Europe,84879,ASSORTED COLOUR BIRD ORNAMENT,515.92,328,8
2011-11,Rest of Europe,85099B,JUMBO BAG RED RETROSPOT,622.16,327,13
2011-11,Rest of Europe,85123A,WHITE HANGING HEART T-LIGHT HOLDER,614.5,230,9
2011-11,Rest of Europe,ALL OTHER PRODUCTS,All other products,119694.96,71482,217
2011-11,Rest of World,20725,LUNCH BAG RED RETROSPOT,161.5,110,2
2011-11,Rest of World,22086,PAPER CHAIN KIT 50'S CHRISTMAS,59.0,20,1
2011-11,Rest of World,ALL OTHER PRODUCTS,All other products,16448.05,8859,10
2011-11,United Kingdom,20725,LUNCH BAG RED RETROSPOT,3428.81,1631,140
2011-11,United Kingdom,22086,PAPER CHAIN KIT 50'S CHRISTMAS,28225.99,7629,375
2011-11,United Kingdom,22197,SMALL POPCORN HOLDER,13856.1,12030,230
2011-11,United Kingdom,22386,JUMBO BAG PINK POLKADOT,3277.18,1571,115
2011-11,United Kingdom,22423,REGENCY CAKESTAND 3 TIER,10955.58,814,166
2011-11,United Kingdom,23166,MEDIUM CERAMIC TOP STORAGE JAR,709.65,599,38
2011-11,United Kingdom,47566,PARTY BUNTING,4258.21,803,84
2011-11,United Kingdom,79321,CHILLI LIGHTS,11439.77,2084,112
2011-11,United Kingdom,84347,ROTATING SILVER ANGELS T-LIGHT HLDR,9424.44,2984,132
2011-11,United Kingdom,84879,ASSORTED COLOUR BIRD ORNAMENT,7811.79,4859,195
2011-11,United Kingdom,85099B,JUMBO BAG RED RETROSPOT,10996.33,5571,233
2011-11,United Kingdom,85123A,WHITE HANGING HEART T-LIGHT HOLDER,12395.5,4246,232
2011-11,United Kingdom,ALL OTHER PRODUCTS,All other products,1163546.29,602880,2469
